{"products":[{"id":"0.05672317801302729","qty":5}],"totalPrice":99.76999999999998}